{"cameraMode":{"drawMode":0,"name":"Shaded","section":"Shading Mode"},"sceneLighting":false,"audioPlay":false,"sceneViewState":{"m_AlwaysRefresh":false,"showFog":true,"showSkybox":false,"showFlares":true,"showImageEffects":true,"showParticleSystems":true,"showVisualEffectGraphs":true,"m_FxEnabled":true},"in2DMode":false,"pivot":{"x":11.03967571258545,"y":0.09466242790222168,"z":6.175069808959961},"rotation":{"x":-0.2439844310283661,"y":-0.09958342462778092,"z":0.025195710361003877,"w":-0.9643268585205078},"size":2.1644790172576906,"orthographic":false}