{"cameraMode":{"drawMode":0,"name":"Shaded","section":"Shading Mode"},"sceneLighting":false,"audioPlay":false,"sceneViewState":{"m_AlwaysRefresh":false,"showFog":true,"showSkybox":false,"showFlares":true,"showImageEffects":true,"showParticleSystems":true,"showVisualEffectGraphs":true,"m_FxEnabled":true},"in2DMode":false,"pivot":{"x":-1.1983251571655274,"y":1.5959653854370118,"z":0.16859254240989686},"rotation":{"x":-0.29101958870887759,"y":0.6280836462974548,"z":-0.2737327814102173,"w":-0.6677513718605042},"size":1.2247449159622193,"orthographic":false}